-10,10,-422,-300
-9.975,9.51056,-412,-288
-9.95,8.09017,-384,-248
-9.925,5.87785,-342,-188
-9.9,3.09017,-298,-114
-9.875,0,-254,-34
-9.85,-3.09017,-216,46
-9.825,-5.87785,-190,118
-9.8,-8.09017,-172,176
-9.775,-9.51056,-162,214
-9.75,-10,-158,228
-9.725,-9.51056,-162,214
-9.7,-8.09017,-170,176
-9.675,-5.87785,-186,118
-9.65,-3.09017,-212,46
-9.625,0,-246,-34
-9.6,3.09017,-288,-114
-9.575,5.87785,-332,-188
-9.55,8.09017,-370,-248
-9.525,9.51056,-398,-288
-9.5,10,-406,-302
-9.475,9.51056,-396,-288
-9.45,8.09017,-368,-248
-9.425,5.87785,-328,-188
-9.4,3.09017,-284,-114
-9.375,0,-240,-34
-9.35,-3.09017,-204,46
-9.325,-5.87785,-178,118
-9.3,-8.09017,-162,176
-9.275,-9.51056,-152,214
-9.25,-10,-150,228
-9.225,-9.51056,-152,214
-9.2,-8.09017,-160,176
-9.175,-5.87785,-174,118
-9.15,-3.09017,-200,46
-9.125,0,-234,-34
-9.1,3.09017,-274,-114
-9.075,5.87785,-318,-188
-9.05,8.09017,-356,-248
-9.025,9.51056,-382,-288
-9,10,-390,-302
-8.975,9.51056,-380,-288
-8.95,8.09017,-352,-250
-8.925,5.87785,-314,-188
-8.9,3.09017,-270,-114
-8.875,0,-228,-34
-8.85,-3.09017,-192,46
-8.825,-5.87785,-168,118
-8.8,-8.09017,-150,176
-8.775,-9.51056,-142,214
-8.75,-10,-140,228
-8.725,-9.51056,-142,214
-8.7,-8.09017,-148,176
-8.675,-5.87785,-164,118
-8.65,-3.09017,-188,46
-8.625,0,-222,-34
-8.6,3.09017,-262,-114
-8.575,5.87785,-304,-188
-8.55,8.09017,-340,-250
-8.525,9.51056,-366,-288
-8.5,10,-374,-302
-8.475,9.51056,-364,-288
-8.45,8.09017,-338,-250
-8.425,5.87785,-298,-188
-8.4,3.09017,-256,-114
-8.375,0,-214,-34
-8.35,-3.09017,-180,46
-8.325,-5.87785,-156,118
-8.3,-8.09017,-140,176
-8.275,-9.51056,-132,214
-8.25,-10,-130,228
-8.225,-9.51056,-130,214
-8.2,-8.09017,-138,176
-8.175,-5.87785,-152,118
-8.15,-3.09017,-176,46
-8.125,0,-208,-34
-8.1,3.09017,-248,-114
-8.075,5.87785,-288,-188
-8.05,8.09017,-326,-250
-8.025,9.51056,-350,-288
-8,10,-358,-302
-7.975,9.51056,-348,-288
-7.95,8.09017,-322,-250
-7.925,5.87785,-284,-188
-7.9,3.09017,-242,-114
-7.875,0,-202,-34
-7.85,-3.09017,-168,46
-7.825,-5.87785,-144,118
-7.8,-8.09017,-130,176
-7.775,-9.51056,-122,214
-7.75,-10,-120,228
-7.725,-9.51056,-120,214
-7.7,-8.09017,-128,176
-7.675,-5.87785,-142,118
-7.65,-3.09017,-164,46
-7.625,0,-196,-34
-7.6,3.09017,-234,-114
-7.575,5.87785,-274,-188
-7.55,8.09017,-310,-248
-7.525,9.51056,-334,-288
-7.5,10,-344,-302
-7.475,9.51056,-334,-288
-7.45,8.09017,-308,-248
-7.425,5.87785,-270,-188
-7.4,3.09017,-228,-114
-7.375,0,-188,-32
-7.35,-3.09017,-156,46
-7.325,-5.87785,-134,118
-7.3,-8.09017,-120,176
-7.275,-9.51056,-112,214
-7.25,-10,-110,228
-7.225,-9.51056,-110,214
-7.2,-8.09017,-118,176
-7.175,-5.87785,-130,120
-7.15,-3.09017,-152,48
-7.125,0,-182,-32
-7.1,3.09017,-220,-114
-7.075,5.87785,-260,-188
-7.05,8.09017,-296,-248
-7.025,9.51056,-320,-288
-7,10,-328,-302
-6.975,9.51056,-318,-288
-6.95,8.09017,-292,-248
-6.925,5.87785,-256,-188
-6.9,3.09017,-214,-112
-6.875,0,-176,-32
-6.85,-3.09017,-144,48
-6.825,-5.87785,-122,120
-6.8,-8.09017,-108,178
-6.775,-9.51056,-102,216
-6.75,-10,-100,228
-6.725,-9.51056,-100,216
-6.7,-8.09017,-106,178
-6.675,-5.87785,-120,120
-6.65,-3.09017,-140,48
-6.625,0,-170,-32
-6.6,3.09017,-206,-112
-6.575,5.87785,-246,-186
-6.55,8.09017,-280,-248
-6.525,9.51056,-304,-288
-6.5,10,-312,-302
-6.475,9.51056,-302,-288
-6.45,8.09017,-278,-248
-6.425,5.87785,-242,-186
-6.4,3.09017,-202,-112
-6.375,0,-164,-32
-6.35,-3.09017,-132,48
-6.325,-5.87785,-112,120
-6.3,-8.09017,-98,178
-6.275,-9.51056,-92,216
-6.25,-10,-90,230
-6.225,-9.51056,-90,216
-6.2,-8.09017,-96,178
-6.175,-5.87785,-108,120
-6.15,-3.09017,-128,50
-6.125,0,-158,-30
-6.1,3.09017,-192,-112
-6.075,5.87785,-232,-186
-6.05,8.09017,-266,-246
-6.025,9.51056,-290,-288
-6,10,-298,-302
-5.975,9.51056,-288,-288
-5.95,8.09017,-262,-246
-5.925,5.87785,-228,-186
-5.9,3.09017,-188,-110
-5.875,0,-150,-30
-5.85,-3.09017,-122,50
-5.825,-5.87785,-100,122
-5.8,-8.09017,-88,180
-5.775,-9.51056,-82,216
-5.75,-10,-80,230
-5.725,-9.51056,-80,218
-5.7,-8.09017,-86,180
-5.675,-5.87785,-96,122
-5.65,-3.09017,-116,50
-5.625,0,-144,-30
-5.6,3.09017,-180,-110
-5.575,5.87785,-218,-184
-5.55,8.09017,-250,-246
-5.525,9.51056,-274,-286
-5.5,10,-282,-300
-5.475,9.51056,-272,-286
-5.45,8.09017,-248,-246
-5.425,5.87785,-212,-184
-5.4,3.09017,-174,-110
-5.375,0,-138,-28
-5.35,-3.09017,-110,52
-5.325,-5.87785,-90,124
-5.3,-8.09017,-78,180
-5.275,-9.51056,-72,218
-5.25,-10,-70,232
-5.225,-9.51056,-70,218
-5.2,-8.09017,-76,180
-5.175,-5.87785,-86,124
-5.15,-3.09017,-104,52
-5.125,0,-132,-28
-5.1,3.09017,-166,-108
-5.075,5.87785,-202,-184
-5.05,8.09017,-236,-244
-5.025,9.51056,-258,-286
-5,10,-266,-300
-4.975,9.51056,-258,-284
-4.95,8.09017,-234,-244
-4.925,5.87785,-198,-182
-4.9,3.09017,-160,-108
-4.875,0,-126,-26
-4.85,-3.09017,-98,52
-4.825,-5.87785,-78,124
-4.8,-8.09017,-68,182
-4.775,-9.51056,-62,220
-4.75,-10,-60,232
-4.725,-9.51056,-60,220
-4.7,-8.09017,-66,182
-4.675,-5.87785,-74,126
-4.65,-3.09017,-92,54
-4.625,0,-118,-26
-4.6,3.09017,-152,-106
-4.575,5.87785,-188,-182
-4.55,8.09017,-222,-244
-4.525,9.51056,-244,-284
-4.5,10,-252,-298
-4.475,9.51056,-242,-284
-4.45,8.09017,-218,-242
-4.425,5.87785,-184,-182
-4.4,3.09017,-146,-106
-4.375,0,-112,-26
-4.35,-3.09017,-86,54
-4.325,-5.87785,-68,126
-4.3,-8.09017,-56,184
-4.275,-9.51056,-52,222
-4.25,-10,-50,234
-4.225,-9.51056,-50,222
-4.2,-8.09017,-54,184
-4.175,-5.87785,-64,126
-4.15,-3.09017,-80,56
-4.125,0,-106,-24
-4.1,3.09017,-138,-104
-4.075,5.87785,-174,-180
-4.05,8.09017,-206,-242
-4.025,9.51056,-228,-282
-4,10,-236,-296
-3.975,9.51056,-228,-282
-3.95,8.09017,-204,-242
-3.925,5.87785,-170,-180
-3.9,3.09017,-134,-104
-3.875,0,-100,-24
-3.85,-3.09017,-74,56
-3.825,-5.87785,-56,128
-3.8,-8.09017,-46,186
-3.775,-9.51056,-42,222
-3.75,-10,-40,236
-3.725,-9.51056,-40,224
-3.7,-8.09017,-44,186
-3.675,-5.87785,-52,128
-3.65,-3.09017,-68,58
-3.625,0,-94,-22
-3.6,3.09017,-126,-102
-3.575,5.87785,-160,-178
-3.55,8.09017,-192,-240
-3.525,9.51056,-214,-280
-3.5,10,-222,-294
-3.475,9.51056,-212,-280
-3.45,8.09017,-188,-240
-3.425,5.87785,-156,-178
-3.4,3.09017,-120,-102
-3.375,0,-88,-20
-3.35,-3.09017,-62,58
-3.325,-5.87785,-44,130
-3.3,-8.09017,-36,188
-3.275,-9.51056,-32,224
-3.25,-10,-30,238
-3.225,-9.51056,-32,226
-3.2,-8.09017,-34,188
-3.175,-5.87785,-42,132
-3.15,-3.09017,-56,60
-3.125,0,-80,-20
-3.1,3.09017,-112,-100
-3.075,5.87785,-146,-176
-3.05,8.09017,-178,-238
-3.025,9.51056,-198,-278
-3,10,-206,-292
-2.975,9.51056,-198,-278
-2.95,8.09017,-174,-236
-2.925,5.87785,-142,-174
-2.9,3.09017,-106,-100
-2.875,0,-74,-18
-2.85,-3.09017,-50,62
-2.825,-5.87785,-34,132
-2.8,-8.09017,-26,190
-2.775,-9.51056,-22,228
-2.75,-10,-20,240
-2.725,-9.51056,-22,228
-2.7,-8.09017,-24,190
-2.675,-5.87785,-30,134
-2.65,-3.09017,-44,62
-2.625,0,-68,-18
-2.6,3.09017,-98,-98
-2.575,5.87785,-132,-174
-2.55,8.09017,-162,-234
-2.525,9.51056,-184,-276
-2.5,10,-192,-290
-2.475,9.51056,-182,-276
-2.45,8.09017,-160,-234
-2.425,5.87785,-128,-172
-2.4,3.09017,-92,-96
-2.375,0,-62,-16
-2.35,-3.09017,-38,64
-2.325,-5.87785,-22,136
-2.3,-8.09017,-16,192
-2.275,-9.51056,-12,230
-2.25,-10,-12,242
-2.225,-9.51056,-12,230
-2.2,-8.09017,-14,192
-2.175,-5.87785,-20,136
-2.15,-3.09017,-34,66
-2.125,0,-56,-14
-2.1,3.09017,-84,-96
-2.075,5.87785,-118,-170
-2.05,8.09017,-148,-232
-2.025,9.51056,-168,-274
-2,10,-176,-288
-1.975,9.51056,-168,-272
-1.95,8.09017,-144,-232
-1.925,5.87785,-114,-170
-1.9,3.09017,-80,-94
-1.875,0,-48,-12
-1.85,-3.09017,-26,66
-1.825,-5.87785,-12,138
-1.8,-8.09017,-4,196
-1.775,-9.51056,-2,232
-1.75,-10,-2,246
-1.725,-9.51056,-2,232
-1.7,-8.09017,-2,196
-1.675,-5.87785,-8,138
-1.65,-3.09017,-22,68
-1.625,0,-42,-12
-1.6,3.09017,-72,-92
-1.575,5.87785,-104,-168
-1.55,8.09017,-134,-230
-1.525,9.51056,-154,-270
-1.5,10,-160,-284
-1.475,9.51056,-152,-270
-1.45,8.09017,-130,-228
-1.425,5.87785,-100,-166
-1.4,3.09017,-66,-92
-1.375,0,-36,-10
-1.35,-3.09017,-14,70
-1.325,-5.87785,0,142
-1.3,-8.09017,6,198
-1.275,-9.51056,8,234
-1.25,-10,8,248
-1.225,-9.51056,8,236
-1.2,-8.09017,8,198
-1.175,-5.87785,2,142
-1.15,-3.09017,-10,70
-1.125,0,-30,-8
-1.1,3.09017,-58,-90
-1.075,5.87785,-88,-164
-1.05,8.09017,-118,-226
-1.025,9.51056,-138,-268
-1,10,-146,-282
-0.975,9.51056,-138,-268
-0.95,8.09017,-116,-226
-0.925,5.87785,-84,-164
-0.9,3.09017,-52,-88
-0.875,0,-24,-6
-0.85,-3.09017,-2,72
-0.825,-5.87785,10,144
-0.8,-8.09017,16,202
-0.775,-9.51056,18,238
-0.75,-10,18,250
-0.725,-9.51056,18,238
-0.7,-8.09017,18,202
-0.675,-5.87785,14,146
-0.65,-3.09017,2,74
-0.625,0,-16,-4
-0.6,3.09017,-44,-86
-0.575,5.87785,-74,-162
-0.55,8.09017,-104,-224
-0.525,9.51056,-124,-264
-0.5,10,-130,-278
-0.475,9.51056,-122,-264
-0.45,8.09017,-100,-222
-0.425,5.87785,-70,-160
-0.4,3.09017,-38,-84
-0.375,0,-10,-4
-0.35,-3.09017,10,76
-0.325,-5.87785,22,148
-0.3,-8.09017,26,204
-0.275,-9.51056,28,242
-0.25,-10,28,254
-0.225,-9.51056,28,242
-0.2,-8.09017,28,204
-0.175,-5.87785,26,148
-0.15,-3.09017,14,78
-0.125,0,-4,-2
-0.1,3.09017,-30,-82
-0.075,5.87785,-60,-158
-0.05,8.09017,-88,-220
-0.025,9.51056,-108,-260
0,10,-116,-276
0.025,9.51056,-106,-260
0.05,8.09017,-86,-218
0.075,5.87785,-56,-156
0.1,3.09017,-24,-80
0.125,0,2,0
0.15,-3.09017,22,80
0.175,-5.87785,32,152
0.2,-8.09017,36,208
0.225,-9.51056,38,244
0.25,-10,38,258
0.275,-9.51056,38,244
0.3,-8.09017,40,208
0.325,-5.87785,36,152
0.35,-3.09017,26,82
0.375,0,10,2
0.4,3.09017,-16,-78
0.425,5.87785,-46,-154
0.45,8.09017,-74,-216
0.475,9.51056,-94,-258
0.5,10,-100,-272
0.525,9.51056,-92,-256
0.55,8.09017,-70,-216
0.575,5.87785,-42,-152
0.6,3.09017,-10,-76
0.625,0,16,4
0.65,-3.09017,34,84
0.675,-5.87785,44,154
0.7,-8.09017,48,212
0.725,-9.51056,48,248
0.75,-10,48,260
0.775,-9.51056,48,248
0.8,-8.09017,50,212
0.825,-5.87785,48,156
0.85,-3.09017,38,86
0.875,0,22,6
0.9,3.09017,-2,-74
0.925,5.87785,-32,-150
0.95,8.09017,-58,-212
0.975,9.51056,-78,-254
1,10,-84,-268
1.025,9.51056,-76,-252
1.05,8.09017,-56,-212
1.075,5.87785,-26,-148
1.1,3.09017,4,-72
1.125,0,28,8
1.15,-3.09017,46,88
1.175,-5.87785,56,158
1.2,-8.09017,58,216
1.225,-9.51056,58,252
1.25,-10,58,264
1.275,-9.51056,58,252
1.3,-8.09017,60,216
1.325,-5.87785,58,160
1.35,-3.09017,52,90
1.375,0,36,10
1.4,3.09017,12,-70
1.425,5.87785,-16,-146
1.45,8.09017,-44,-208
1.475,9.51056,-62,-248
1.5,10,-70,-264
1.525,9.51056,-62,-248
1.55,8.09017,-40,-206
1.575,5.87785,-12,-144
1.6,3.09017,18,-68
1.625,0,42,12
1.65,-3.09017,58,92
1.675,-5.87785,66,162
1.7,-8.09017,68,220
1.725,-9.51056,68,256
1.75,-10,68,268
1.775,-9.51056,68,256
1.8,-8.09017,70,220
1.825,-5.87785,70,164
1.85,-3.09017,64,94
1.875,0,48,14
1.9,3.09017,26,-66
1.925,5.87785,-2,-142
1.95,8.09017,-28,-204
1.975,9.51056,-48,-244
2,10,-54,-258
2.025,9.51056,-46,-244
2.05,8.09017,-26,-202
2.075,5.87785,2,-140
2.1,3.09017,32,-64
2.125,0,54,18
2.15,-3.09017,70,96
2.175,-5.87785,78,168
2.2,-8.09017,78,224
2.225,-9.51056,78,260
2.25,-10,78,272
2.275,-9.51056,78,260
2.3,-8.09017,82,224
2.325,-5.87785,82,168
2.35,-3.09017,76,98
2.375,0,62,20
2.4,3.09017,40,-62
2.425,5.87785,12,-136
2.45,8.09017,-14,-198
2.475,9.51056,-32,-240
2.5,10,-38,-254
2.525,9.51056,-30,-240
2.55,8.09017,-10,-198
2.575,5.87785,18,-136
2.6,3.09017,46,-60
2.625,0,68,22
2.65,-3.09017,82,100
2.675,-5.87785,90,172
2.7,-8.09017,90,228
2.725,-9.51056,88,264
2.75,-10,88,278
2.775,-9.51056,88,264
2.8,-8.09017,92,228
2.825,-5.87785,92,174
2.85,-3.09017,88,102
2.875,0,74,24
2.9,3.09017,54,-56
2.925,5.87785,28,-132
2.95,8.09017,2,-194
2.975,9.51056,-16,-234
3,10,-22,-250
3.025,9.51056,-14,-234
3.05,8.09017,6,-192
3.075,5.87785,32,-130
3.1,3.09017,60,-54
3.125,0,82,26
3.15,-3.09017,96,106
3.175,-5.87785,100,176
3.2,-8.09017,100,232
3.225,-9.51056,98,270
3.25,-10,98,282
3.275,-9.51056,98,270
3.3,-8.09017,102,234
3.325,-5.87785,104,178
3.35,-3.09017,100,108
3.375,0,88,30
3.4,3.09017,68,-52
3.425,5.87785,42,-126
3.45,8.09017,18,-188
3.475,9.51056,0,-230
3.5,10,-6,-244
3.525,9.51056,2,-230
3.55,8.09017,20,-188
3.575,5.87785,48,-124
3.6,3.09017,74,-50
3.625,0,94,32
3.65,-3.09017,108,110
3.675,-5.87785,112,182
3.7,-8.09017,110,238
3.725,-9.51056,108,274
3.75,-10,106,286
3.775,-9.51056,108,274
3.8,-8.09017,112,238
3.825,-5.87785,116,182
3.85,-3.09017,112,112
3.875,0,102,34
3.9,3.09017,82,-46
3.925,5.87785,58,-122
3.95,8.09017,34,-184
3.975,9.51056,16,-224
4,10,10,-238
4.025,9.51056,18,-224
4.05,8.09017,36,-182
4.075,5.87785,62,-120
4.1,3.09017,88,-44
4.125,0,108,36
4.15,-3.09017,120,116
4.175,-5.87785,124,186
4.2,-8.09017,122,242
4.225,-9.51056,118,278
4.25,-10,116,292
4.275,-9.51056,120,280
4.3,-8.09017,124,244
4.325,-5.87785,126,188
4.35,-3.09017,124,118
4.375,0,114,40
4.4,3.09017,96,-40
4.425,5.87785,72,-116
4.45,8.09017,50,-178
4.475,9.51056,32,-218
4.5,10,26,-234
4.525,9.51056,34,-218
4.55,8.09017,52,-176
4.575,5.87785,78,-114
4.6,3.09017,102,-38
4.625,0,122,42
4.65,-3.09017,132,122
4.675,-5.87785,134,192
4.7,-8.09017,132,248
4.725,-9.51056,128,284
4.75,-10,126,296
4.775,-9.51056,130,284
4.8,-8.09017,134,248
4.825,-5.87785,138,194
4.85,-3.09017,138,124
4.875,0,128,46
4.9,3.09017,112,-34
4.925,5.87785,88,-110
4.95,8.09017,66,-172
4.975,9.51056,48,-214
5,10,42,-228
5.025,9.51056,50,-212
5.05,8.09017,68,-170
5.075,5.87785,92,-108
5.1,3.09017,118,-32
5.125,0,136,48
5.15,-3.09017,144,126
5.175,-5.87785,146,198
5.2,-8.09017,142,254
5.225,-9.51056,138,290
5.25,-10,136,302
5.275,-9.51056,140,290
5.3,-8.09017,144,254
5.325,-5.87785,150,198
5.35,-3.09017,150,130
5.375,0,142,52
5.4,3.09017,126,-30
5.425,5.87785,104,-104
5.45,8.09017,82,-166
5.475,9.51056,64,-206
5.5,10,58,-222
5.525,9.51056,66,-206
5.55,8.09017,84,-164
5.575,5.87785,108,-102
5.6,3.09017,132,-26
5.625,0,150,54
5.65,-3.09017,158,132
5.675,-5.87785,158,202
5.7,-8.09017,154,258
5.725,-9.51056,148,296
5.75,-10,146,308
5.775,-9.51056,150,296
5.8,-8.09017,156,260
5.825,-5.87785,162,204
5.85,-3.09017,162,136
5.875,0,156,58
5.9,3.09017,140,-22
5.925,5.87785,120,-98
5.95,8.09017,98,-160
5.975,9.51056,80,-200
6,10,76,-214
6.025,9.51056,82,-200
6.05,8.09017,100,-158
6.075,5.87785,124,-96
6.1,3.09017,146,-20
6.125,0,162,60
6.15,-3.09017,170,138
6.175,-5.87785,170,208
6.2,-8.09017,164,264
6.225,-9.51056,158,300
6.25,-10,156,314
6.275,-9.51056,160,302
6.3,-8.09017,166,266
6.325,-5.87785,172,210
6.35,-3.09017,176,142
6.375,0,170,64
6.4,3.09017,156,-16
6.425,5.87785,136,-92
6.45,8.09017,114,-154
6.475,9.51056,98,-194
6.5,10,92,-208
6.525,9.51056,100,-194
6.55,8.09017,116,-152
6.575,5.87785,140,-90
6.6,3.09017,162,-14
6.625,0,176,66
6.65,-3.09017,182,144
6.675,-5.87785,182,214
6.7,-8.09017,174,270
6.725,-9.51056,168,306
6.75,-10,166,320
6.775,-9.51056,170,308
6.8,-8.09017,176,272
6.825,-5.87785,184,216
6.85,-3.09017,188,148
6.875,0,184,70
6.9,3.09017,170,-10
6.925,5.87785,152,-84
6.95,8.09017,130,-146
6.975,9.51056,114,-188
7,10,110,-202
7.025,9.51056,116,-186
7.05,8.09017,134,-144
7.075,5.87785,156,-82
7.1,3.09017,176,-8
7.125,0,190,72
7.15,-3.09017,196,152
7.175,-5.87785,192,222
7.2,-8.09017,186,276
7.225,-9.51056,180,314
7.25,-10,176,326
7.275,-9.51056,180,314
7.3,-8.09017,188,278
7.325,-5.87785,196,224
7.35,-3.09017,200,154
7.375,0,198,76
7.4,3.09017,186,-4
7.425,5.87785,168,-78
7.45,8.09017,148,-140
7.475,9.51056,132,-180
7.5,10,126,-194
7.525,9.51056,134,-180
7.55,8.09017,150,-138
7.575,5.87785,172,-76
7.6,3.09017,192,0
7.625,0,204,80
7.65,-3.09017,208,158
7.675,-5.87785,204,228
7.7,-8.09017,196,284
7.725,-9.51056,190,320
7.75,-10,186,332
7.775,-9.51056,190,320
7.8,-8.09017,198,284
7.825,-5.87785,208,230
7.85,-3.09017,214,160
7.875,0,212,84
7.9,3.09017,202,4
7.925,5.87785,184,-70
7.95,8.09017,164,-132
7.975,9.51056,150,-174
8,10,144,-188
8.025,9.51056,150,-172
8.05,8.09017,168,-130
8.075,5.87785,188,-68
8.1,3.09017,208,6
8.125,0,220,86
8.15,-3.09017,222,164
8.175,-5.87785,216,234
8.2,-8.09017,208,290
8.225,-9.51056,200,326
8.25,-10,196,338
8.275,-9.51056,200,326
8.3,-8.09017,210,292
8.325,-5.87785,220,236
8.35,-3.09017,226,168
8.375,0,226,90
8.4,3.09017,216,10
8.425,5.87785,200,-64
8.45,8.09017,182,-124
8.475,9.51056,166,-166
8.5,10,162,-180
8.525,9.51056,168,-164
8.55,8.09017,184,-124
8.575,5.87785,206,-62
8.6,3.09017,224,14
8.625,0,234,94
8.65,-3.09017,234,172
8.675,-5.87785,228,242
8.7,-8.09017,218,296
8.725,-9.51056,210,332
8.75,-10,208,346
8.775,-9.51056,212,334
8.8,-8.09017,220,298
8.825,-5.87785,232,244
8.85,-3.09017,240,174
8.875,0,240,98
8.9,3.09017,232,18
8.925,5.87785,216,-56
8.95,8.09017,198,-118
8.975,9.51056,184,-158
9,10,180,-172
9.025,9.51056,186,-158
9.05,8.09017,202,-116
9.075,5.87785,222,-54
9.1,3.09017,238,22
9.125,0,248,100
9.15,-3.09017,248,178
9.175,-5.87785,240,248
9.2,-8.09017,230,304
9.225,-9.51056,220,340
9.25,-10,218,352
9.275,-9.51056,222,340
9.3,-8.09017,232,306
9.325,-5.87785,244,250
9.35,-3.09017,254,182
9.375,0,256,104
9.4,3.09017,248,26
9.425,5.87785,234,-48
9.45,8.09017,216,-110
9.475,9.51056,202,-150
9.5,10,198,-164
9.525,9.51056,204,-150
9.55,8.09017,220,-108
9.575,5.87785,238,-46
9.6,3.09017,254,28
9.625,0,262,108
9.65,-3.09017,262,186
9.675,-5.87785,252,256
9.7,-8.09017,240,312
9.725,-9.51056,230,348
9.75,-10,228,360
9.775,-9.51056,232,348
9.8,-8.09017,242,312
9.825,-5.87785,256,258
9.85,-3.09017,266,190
9.875,0,270,112
9.9,3.09017,264,34
9.925,5.87785,252,-40
9.95,8.09017,234,-102
9.975,9.51056,222,-142
10,10,216,-156
9.51056,9.975,198,-162
8.09017,9.95,148,-184
5.87785,9.925,72,-214
3.09017,9.9,-18,-246
0,9.875,-114,-272
-3.09017,9.85,-206,-288
-5.87785,9.825,-290,-296
-8.09017,9.8,-358,-298
-9.51056,9.775,-402,-296
-10,9.75,-418,-294
-9.51056,9.725,-402,-294
-8.09017,9.7,-356,-294
-5.87785,9.675,-288,-292
-3.09017,9.65,-204,-282
0,9.625,-110,-264
3.09017,9.6,-14,-236
5.87785,9.575,76,-204
8.09017,9.55,152,-172
9.51056,9.525,204,-150
10,9.5,222,-140
9.51056,9.475,204,-148
8.09017,9.45,154,-170
5.87785,9.425,78,-200
3.09017,9.4,-10,-230
0,9.375,-106,-256
-3.09017,9.35,-198,-274
-5.87785,9.325,-282,-282
-8.09017,9.3,-348,-282
-9.51056,9.275,-392,-282
-10,9.25,-408,-280
-9.51056,9.225,-392,-280
-8.09017,9.2,-346,-280
-5.87785,9.175,-278,-278
-3.09017,9.15,-196,-268
0,9.125,-102,-250
3.09017,9.1,-6,-222
5.87785,9.075,84,-190
8.09017,9.05,158,-158
9.51056,9.025,210,-136
10,9,228,-126
9.51056,8.975,210,-134
8.09017,8.95,160,-154
5.87785,8.925,86,-184
3.09017,8.9,-4,-216
0,8.875,-98,-242
-3.09017,8.85,-190,-260
-5.87785,8.825,-272,-268
-8.09017,8.8,-340,-268
-9.51056,8.775,-382,-268
-10,8.75,-398,-266
-9.51056,8.725,-382,-266
-8.09017,8.7,-338,-266
-5.87785,8.675,-270,-264
-3.09017,8.65,-188,-254
0,8.625,-94,-234
3.09017,8.6,0,-208
5.87785,8.575,90,-174
8.09017,8.55,164,-144
9.51056,8.525,214,-120
10,8.5,232,-112
9.51056,8.475,214,-120
8.09017,8.45,166,-140
5.87785,8.425,92,-170
3.09017,8.4,2,-202
0,8.375,-92,-228
-3.09017,8.35,-182,-244
-5.87785,8.325,-264,-254
-8.09017,8.3,-330,-254
-9.51056,8.275,-374,-254
-10,8.25,-388,-252
-9.51056,8.225,-372,-252
-8.09017,8.2,-328,-252
-5.87785,8.175,-262,-250
-3.09017,8.15,-180,-240
0,8.125,-88,-220
3.09017,8.1,6,-192
5.87785,8.075,96,-160
8.09017,8.05,170,-130
9.51056,8.025,220,-106
10,8,238,-98
9.51056,7.975,220,-106
8.09017,7.95,170,-126
5.87785,7.925,96,-156
3.09017,7.9,10,-186
0,7.875,-84,-214
-3.09017,7.85,-174,-230
-5.87785,7.825,-256,-240
-8.09017,7.8,-322,-242
-9.51056,7.775,-364,-240
-10,7.75,-378,-238
-9.51056,7.725,-364,-238
-8.09017,7.7,-320,-238
-5.87785,7.675,-254,-236
-3.09017,7.65,-172,-226
0,7.625,-80,-206
3.09017,7.6,12,-178
5.87785,7.575,100,-146
8.09017,7.55,174,-114
9.51056,7.525,224,-92
10,7.5,242,-84
9.51056,7.475,224,-92
8.09017,7.45,176,-112
5.87785,7.425,102,-142
3.09017,7.4,16,-172
0,7.375,-78,-198
-3.09017,7.35,-168,-216
-5.87785,7.325,-248,-226
-8.09017,7.3,-312,-228
-9.51056,7.275,-354,-226
-10,7.25,-370,-226
-9.51056,7.225,-354,-224
-8.09017,7.2,-310,-224
-5.87785,7.175,-246,-222
-3.09017,7.15,-164,-210
0,7.125,-74,-192
3.09017,7.1,18,-164
5.87785,7.075,106,-132
8.09017,7.05,178,-100
9.51056,7.025,228,-78
10,7,246,-70
9.51056,6.975,228,-78
8.09017,6.95,180,-98
5.87785,6.925,108,-128
3.09017,6.9,22,-158
0,6.875,-70,-184
-3.09017,6.85,-160,-202
-5.87785,6.825,-240,-212
-8.09017,6.8,-304,-214
-9.51056,6.775,-346,-212
-10,6.75,-360,-212
-9.51056,6.725,-346,-212
-8.09017,6.7,-302,-210
-5.87785,6.675,-238,-208
-3.09017,6.65,-158,-198
0,6.625,-68,-178
3.09017,6.6,24,-150
5.87785,6.575,112,-118
8.09017,6.55,184,-86
9.51056,6.525,232,-64
10,6.5,250,-56
9.51056,6.475,232,-64
8.09017,6.45,184,-84
5.87785,6.425,112,-114
3.09017,6.4,26,-144
0,6.375,-64,-170
-3.09017,6.35,-152,-188
-5.87785,6.325,-232,-198
-8.09017,6.3,-296,-200
-9.51056,6.275,-338,-200
-10,6.25,-352,-198
-9.51056,6.225,-336,-198
-8.09017,6.2,-294,-198
-5.87785,6.175,-230,-194
-3.09017,6.15,-150,-184
0,6.125,-62,-164
3.09017,6.1,30,-136
5.87785,6.075,116,-104
8.09017,6.05,188,-74
9.51056,6.025,236,-50
10,6,252,-42
9.51056,5.975,236,-50
8.09017,5.95,188,-70
5.87785,5.925,118,-100
3.09017,5.9,32,-130
0,5.875,-58,-156
-3.09017,5.85,-146,-174
-5.87785,5.825,-224,-184
-8.09017,5.8,-288,-186
-9.51056,5.775,-328,-186
-10,5.75,-342,-184
-9.51056,5.725,-328,-184
-8.09017,5.7,-286,-184
-5.87785,5.675,-222,-180
-3.09017,5.65,-144,-170
0,5.625,-56,-150
3.09017,5.6,36,-122
5.87785,5.575,120,-90
8.09017,5.55,192,-60
9.51056,5.525,240,-38
10,5.5,256,-28
9.51056,5.475,240,-36
8.09017,5.45,192,-56
5.87785,5.425,122,-86
3.09017,5.4,38,-116
0,5.375,-52,-144
-3.09017,5.35,-140,-162
-5.87785,5.325,-218,-170
-8.09017,5.3,-280,-174
-9.51056,5.275,-320,-172
-10,5.25,-334,-172
-9.51056,5.225,-320,-172
-8.09017,5.2,-278,-170
-5.87785,5.175,-216,-166
-3.09017,5.15,-136,-156
0,5.125,-50,-136
3.09017,5.1,40,-108
5.87785,5.075,126,-76
8.09017,5.05,196,-46
9.51056,5.025,242,-24
10,5,260,-16
9.51056,4.975,242,-22
8.09017,4.95,196,-44
5.87785,4.925,126,-72
3.09017,4.9,42,-104
0,4.875,-46,-130
-3.09017,4.85,-132,-148
-5.87785,4.825,-210,-158
-8.09017,4.8,-272,-160
-9.51056,4.775,-312,-160
-10,4.75,-326,-158
-9.51056,4.725,-312,-158
-8.09017,4.7,-270,-158
-5.87785,4.675,-208,-154
-3.09017,4.65,-130,-142
0,4.625,-44,-122
3.09017,4.6,46,-96
5.87785,4.575,130,-62
8.09017,4.55,198,-32
9.51056,4.525,246,-10
10,4.5,262,-2
9.51056,4.475,246,-10
8.09017,4.45,200,-30
5.87785,4.425,130,-58
3.09017,4.4,48,-90
0,4.375,-40,-116
-3.09017,4.35,-126,-134
-5.87785,4.325,-204,-144
-8.09017,4.3,-264,-146
-9.51056,4.275,-304,-146
-10,4.25,-318,-144
-9.51056,4.225,-304,-144
-8.09017,4.2,-264,-144
-5.87785,4.175,-202,-140
-3.09017,4.15,-124,-128
0,4.125,-38,-110
3.09017,4.1,50,-82
5.87785,4.075,134,-50
8.09017,4.05,202,-20
9.51056,4.025,248,2
10,4,264,12
9.51056,3.975,248,4
8.09017,3.95,202,-16
5.87785,3.925,134,-46
3.09017,3.9,52,-76
0,3.875,-36,-102
-3.09017,3.85,-120,-120
-5.87785,3.825,-196,-130
-8.09017,3.8,-258,-134
-9.51056,3.775,-296,-132
-10,3.75,-310,-132
-9.51056,3.725,-296,-132
-8.09017,3.7,-256,-130
-5.87785,3.675,-194,-126
-3.09017,3.65,-118,-116
0,3.625,-32,-96
3.09017,3.6,54,-68
5.87785,3.575,136,-36
8.09017,3.55,204,-6
9.51056,3.525,250,16
10,3.5,266,24
9.51056,3.475,250,18
8.09017,3.45,206,-4
5.87785,3.425,138,-32
3.09017,3.4,56,-62
0,3.375,-30,-90
-3.09017,3.35,-114,-108
-5.87785,3.325,-190,-118
-8.09017,3.3,-250,-120
-9.51056,3.275,-290,-120
-10,3.25,-302,-118
-9.51056,3.225,-288,-118
-8.09017,3.2,-248,-118
-5.87785,3.175,-188,-114
-3.09017,3.15,-112,-102
0,3.125,-28,-82
3.09017,3.1,60,-54
5.87785,3.075,140,-22
8.09017,3.05,208,8
9.51056,3.025,252,30
10,3,268,38
9.51056,2.975,252,30
8.09017,2.95,208,10
5.87785,2.925,142,-18
3.09017,2.9,60,-50
0,2.875,-26,-76
-3.09017,2.85,-108,-94
-5.87785,2.825,-184,-104
-8.09017,2.8,-244,-106
-9.51056,2.775,-282,-106
-10,2.75,-294,-106
-9.51056,2.725,-280,-106
-8.09017,2.7,-242,-104
-5.87785,2.675,-182,-100
-3.09017,2.65,-106,-88
0,2.625,-22,-70
3.09017,2.6,64,-42
5.87785,2.575,144,-10
8.09017,2.55,210,20
9.51056,2.525,254,42
10,2.5,270,50
9.51056,2.475,254,44
8.09017,2.45,210,24
5.87785,2.425,144,-6
3.09017,2.4,64,-36
0,2.375,-20,-62
-3.09017,2.35,-104,-80
-5.87785,2.325,-178,-90
-8.09017,2.3,-236,-94
-9.51056,2.275,-274,-94
-10,2.25,-288,-92
-9.51056,2.225,-274,-92
-8.09017,2.2,-234,-92
-5.87785,2.175,-176,-86
-3.09017,2.15,-102,-76
0,2.125,-18,-56
3.09017,2.1,66,-28
5.87785,2.075,146,4
8.09017,2.05,212,34
9.51056,2.025,256,56
10,2,272,64
9.51056,1.975,256,56
8.09017,1.95,212,36
5.87785,1.925,148,8
3.09017,1.9,68,-24
0,1.875,-16,-50
-3.09017,1.85,-98,-68
-5.87785,1.825,-172,-78
-8.09017,1.8,-230,-80
-9.51056,1.775,-268,-80
-10,1.75,-280,-80
-9.51056,1.725,-266,-80
-8.09017,1.7,-228,-78
-5.87785,1.675,-170,-74
-3.09017,1.65,-96,-62
0,1.625,-14,-42
3.09017,1.6,70,-16
5.87785,1.575,150,16
8.09017,1.55,214,46
9.51056,1.525,258,68
10,1.5,272,76
9.51056,1.475,258,70
8.09017,1.45,214,48
5.87785,1.425,150,20
3.09017,1.4,72,-10
0,1.375,-12,-36
-3.09017,1.35,-92,-54
-5.87785,1.325,-166,-64
-8.09017,1.3,-224,-68
-9.51056,1.275,-260,-68
-10,1.25,-274,-66
-9.51056,1.225,-260,-66
-8.09017,1.2,-222,-64
-5.87785,1.175,-164,-60
-3.09017,1.15,-90,-50
0,1.125,-10,-30
3.09017,1.1,74,-2
5.87785,1.075,152,30
8.09017,1.05,216,60
9.51056,1.025,258,80
10,1,274,88
9.51056,0.975,258,82
8.09017,0.95,216,62
5.87785,0.925,152,34
3.09017,0.9,76,2
0,0.875,-8,-24
-3.09017,0.85,-88,-42
-5.87785,0.825,-160,-52
-8.09017,0.8,-216,-54
-9.51056,0.775,-254,-54
-10,0.75,-266,-54
-9.51056,0.725,-254,-54
-8.09017,0.7,-216,-52
-5.87785,0.675,-158,-48
-3.09017,0.65,-86,-36
0,0.625,-6,-16
3.09017,0.6,78,10
5.87785,0.575,154,42
8.09017,0.55,216,72
9.51056,0.525,258,94
10,0.5,274,102
9.51056,0.475,260,94
8.09017,0.45,218,74
5.87785,0.425,154,46
3.09017,0.4,78,16
0,0.375,-4,-10
-3.09017,0.35,-84,-28
-5.87785,0.325,-154,-38
-8.09017,0.3,-210,-42
-9.51056,0.275,-248,-42
-10,0.25,-260,-40
-9.51056,0.225,-246,-40
-8.09017,0.2,-210,-38
-5.87785,0.175,-152,-34
-3.09017,0.15,-82,-24
0,0.125,-2,-4
3.09017,0.1,80,24
5.87785,0.075,156,56
8.09017,0.05,218,84
9.51056,0.025,260,106
10,0,274,114
9.51056,-0.025,260,108
8.09017,-0.05,218,88
5.87785,-0.075,156,58
3.09017,-0.1,82,28
0,-0.125,0,2
-3.09017,-0.15,-78,-16
-5.87785,-0.175,-148,-26
-8.09017,-0.2,-204,-28
-9.51056,-0.225,-242,-28
-10,-0.25,-254,-28
-9.51056,-0.275,-240,-28
-8.09017,-0.3,-204,-26
-5.87785,-0.325,-148,-22
-3.09017,-0.35,-76,-10
0,-0.375,2,10
3.09017,-0.4,82,36
5.87785,-0.425,158,68
8.09017,-0.45,220,98
9.51056,-0.475,260,118
10,-0.5,274,126
9.51056,-0.525,260,120
8.09017,-0.55,220,100
5.87785,-0.575,158,72
3.09017,-0.6,84,42
0,-0.625,4,16
-3.09017,-0.65,-74,-2
-5.87785,-0.675,-144,-12
-8.09017,-0.7,-200,-16
-9.51056,-0.725,-236,-16
-10,-0.75,-248,-14
-9.51056,-0.775,-234,-14
-8.09017,-0.8,-198,-14
-5.87785,-0.825,-142,-8
-3.09017,-0.85,-72,2
0,-0.875,6,22
3.09017,-0.9,86,50
5.87785,-0.925,160,80
8.09017,-0.95,220,110
9.51056,-0.975,260,132
10,-1,274,140
9.51056,-1.025,260,132
8.09017,-1.05,220,112
5.87785,-1.075,160,84
3.09017,-1.1,86,54
0,-1.125,8,28
-3.09017,-1.15,-70,10
-5.87785,-1.175,-138,0
-8.09017,-1.2,-194,-2
-9.51056,-1.225,-230,-2
-10,-1.25,-242,-2
-9.51056,-1.275,-228,-2
-8.09017,-1.3,-192,0
-5.87785,-1.325,-138,4
-3.09017,-1.35,-68,16
0,-1.375,8,34
3.09017,-1.4,88,62
5.87785,-1.425,160,94
8.09017,-1.45,220,122
9.51056,-1.475,260,144
10,-1.5,274,152
9.51056,-1.525,260,146
8.09017,-1.55,220,126
5.87785,-1.575,160,98
3.09017,-1.6,88,68
0,-1.625,10,42
-3.09017,-1.65,-66,24
-5.87785,-1.675,-134,14
-8.09017,-1.7,-188,10
-9.51056,-1.725,-224,10
-10,-1.75,-236,12
-9.51056,-1.775,-222,12
-8.09017,-1.8,-188,12
-5.87785,-1.825,-132,18
-3.09017,-1.85,-64,28
0,-1.875,12,48
3.09017,-1.9,90,74
5.87785,-1.925,162,106
8.09017,-1.95,220,136
9.51056,-1.975,260,156
10,-2,272,164
9.51056,-2.025,260,158
8.09017,-2.05,220,138
5.87785,-2.075,162,110
3.09017,-2.1,90,80
0,-2.125,14,54
-3.09017,-2.15,-62,36
-5.87785,-2.175,-130,26
-8.09017,-2.2,-184,24
-9.51056,-2.225,-218,24
-10,-2.25,-230,24
-9.51056,-2.275,-218,24
-8.09017,-2.3,-182,26
-5.87785,-2.325,-128,30
-3.09017,-2.35,-60,42
0,-2.375,14,60
3.09017,-2.4,92,88
5.87785,-2.425,162,118
8.09017,-2.45,220,148
9.51056,-2.475,258,168
10,-2.5,272,176
9.51056,-2.525,258,170
8.09017,-2.55,220,150
5.87785,-2.575,162,122
3.09017,-2.6,92,92
0,-2.625,16,66
-3.09017,-2.65,-58,48
-5.87785,-2.675,-126,40
-8.09017,-2.7,-178,36
-9.51056,-2.725,-212,36
-10,-2.75,-224,38
-9.51056,-2.775,-212,38
-8.09017,-2.8,-178,38
-5.87785,-2.825,-124,42
-3.09017,-2.85,-58,54
0,-2.875,18,74
3.09017,-2.9,94,100
5.87785,-2.925,164,132
8.09017,-2.95,220,160
9.51056,-2.975,258,182
10,-3,270,190
9.51056,-3.025,258,182
8.09017,-3.05,220,162
5.87785,-3.075,164,134
3.09017,-3.1,94,106
0,-3.125,18,80
-3.09017,-3.15,-56,62
-5.87785,-3.175,-120,52
-8.09017,-3.2,-174,48
-9.51056,-3.225,-208,50
-10,-3.25,-218,50
-9.51056,-3.275,-206,50
-8.09017,-3.3,-172,52
-5.87785,-3.325,-120,56
-3.09017,-3.35,-54,66
0,-3.375,20,86
3.09017,-3.4,94,112
5.87785,-3.425,164,144
8.09017,-3.45,220,172
9.51056,-3.475,256,194
10,-3.5,270,202
9.51056,-3.525,256,194
8.09017,-3.55,220,176
5.87785,-3.575,164,148
3.09017,-3.6,96,118
0,-3.625,20,92
-3.09017,-3.65,-52,74
-5.87785,-3.675,-116,64
-8.09017,-3.7,-168,62
-9.51056,-3.725,-202,62
-10,-3.75,-214,62
-9.51056,-3.775,-202,64
-8.09017,-3.8,-168,64
-5.87785,-3.825,-116,68
-3.09017,-3.85,-50,80
0,-3.875,22,98
3.09017,-3.9,96,126
5.87785,-3.925,164,156
8.09017,-3.95,220,186
9.51056,-3.975,256,206
10,-4,268,214
9.51056,-4.025,256,208
8.09017,-4.05,218,188
5.87785,-4.075,164,160
3.09017,-4.1,96,130
0,-4.125,24,106
-3.09017,-4.15,-48,88
-5.87785,-4.175,-114,78
-8.09017,-4.2,-164,74
-9.51056,-4.225,-198,76
-10,-4.25,-208,76
-9.51056,-4.275,-196,76
-8.09017,-4.3,-164,78
-5.87785,-4.325,-112,82
-3.09017,-4.35,-48,92
0,-4.375,24,112
3.09017,-4.4,96,138
5.87785,-4.425,164,168
8.09017,-4.45,218,198
9.51056,-4.475,254,218
10,-4.5,266,226
9.51056,-4.525,254,220
8.09017,-4.55,218,200
5.87785,-4.575,164,172
3.09017,-4.6,98,144
0,-4.625,26,118
-3.09017,-4.65,-46,100
-5.87785,-4.675,-110,90
-8.09017,-4.7,-160,88
-9.51056,-4.725,-192,88
-10,-4.75,-204,88
-9.51056,-4.775,-192,90
-8.09017,-4.8,-160,90
-5.87785,-4.825,-108,94
-3.09017,-4.85,-44,106
0,-4.875,26,124
3.09017,-4.9,98,150
5.87785,-4.925,164,182
8.09017,-4.95,218,210
9.51056,-4.975,252,230
10,-5,264,238
9.51056,-5.025,252,232
8.09017,-5.05,216,212
5.87785,-5.075,164,186
3.09017,-5.1,98,156
0,-5.125,26,130
-3.09017,-5.15,-44,112
-5.87785,-5.175,-106,104
-8.09017,-5.2,-156,100
-9.51056,-5.225,-188,100
-10,-5.25,-200,102
-9.51056,-5.275,-188,102
-8.09017,-5.3,-156,104
-5.87785,-5.325,-106,108
-3.09017,-5.35,-42,118
0,-5.375,28,136
3.09017,-5.4,98,164
5.87785,-5.425,164,194
8.09017,-5.45,216,222
9.51056,-5.475,250,244
10,-5.5,262,252
9.51056,-5.525,250,244
8.09017,-5.55,216,226
5.87785,-5.575,162,198
3.09017,-5.6,98,168
0,-5.625,28,144
-3.09017,-5.65,-40,126
-5.87785,-5.675,-102,116
-8.09017,-5.7,-152,114
-9.51056,-5.725,-184,114
-10,-5.75,-194,114
-9.51056,-5.775,-184,116
-8.09017,-5.8,-152,116
-5.87785,-5.825,-102,120
-3.09017,-5.85,-40,130
0,-5.875,28,150
3.09017,-5.9,98,176
5.87785,-5.925,162,206
8.09017,-5.95,214,236
9.51056,-5.975,248,256
10,-6,260,264
9.51056,-6.025,248,256
8.09017,-6.05,214,238
5.87785,-6.075,162,210
3.09017,-6.1,98,182
0,-6.125,30,156
-3.09017,-6.15,-38,138
-5.87785,-6.175,-100,130
-8.09017,-6.2,-148,126
-9.51056,-6.225,-180,128
-10,-6.25,-190,128
-9.51056,-6.275,-180,128
-8.09017,-6.3,-148,130
-5.87785,-6.325,-98,134
-3.09017,-6.35,-38,144
0,-6.375,30,162
3.09017,-6.4,98,188
5.87785,-6.425,162,218
8.09017,-6.45,212,248
9.51056,-6.475,246,268
10,-6.5,256,276
9.51056,-6.525,246,270
8.09017,-6.55,212,250
5.87785,-6.575,162,222
3.09017,-6.6,98,194
0,-6.625,30,168
-3.09017,-6.65,-36,152
-5.87785,-6.675,-96,142
-8.09017,-6.7,-144,140
-9.51056,-6.725,-176,140
-10,-6.75,-186,142
-9.51056,-6.775,-176,142
-8.09017,-6.8,-144,142
-5.87785,-6.825,-96,146
-3.09017,-6.85,-36,156
0,-6.875,32,176
3.09017,-6.9,98,202
5.87785,-6.925,160,232
8.09017,-6.95,210,260
9.51056,-6.975,242,280
10,-7,254,288
9.51056,-7.025,242,282
8.09017,-7.05,210,262
5.87785,-7.075,160,236
3.09017,-7.1,98,206
0,-7.125,32,182
-3.09017,-7.15,-34,164
-5.87785,-7.175,-94,156
-8.09017,-7.2,-142,152
-9.51056,-7.225,-172,154
-10,-7.25,-182,154
-9.51056,-7.275,-172,154
-8.09017,-7.3,-140,156
-5.87785,-7.325,-94,160
-3.09017,-7.35,-34,170
0,-7.375,32,188
3.09017,-7.4,98,214
5.87785,-7.425,160,244
8.09017,-7.45,208,272
9.51056,-7.475,240,292
10,-7.5,250,300
9.51056,-7.525,240,294
8.09017,-7.55,208,274
5.87785,-7.575,158,248
3.09017,-7.6,98,220
0,-7.625,32,194
-3.09017,-7.65,-32,178
-5.87785,-7.675,-92,168
-8.09017,-7.7,-138,166
-9.51056,-7.725,-168,166
-10,-7.75,-178,168
-9.51056,-7.775,-168,168
-8.09017,-7.8,-138,168
-5.87785,-7.825,-90,172
-3.09017,-7.85,-32,182
0,-7.875,32,200
3.09017,-7.9,98,226
5.87785,-7.925,158,256
8.09017,-7.95,206,284
9.51056,-7.975,236,306
10,-8,248,314
9.51056,-8.025,236,306
8.09017,-8.05,206,288
5.87785,-8.075,158,260
3.09017,-8.1,98,232
0,-8.125,32,208
-3.09017,-8.15,-32,190
-5.87785,-8.175,-90,182
-8.09017,-8.2,-136,180
-9.51056,-8.225,-164,180
-10,-8.25,-176,182
-9.51056,-8.275,-164,182
-8.09017,-8.3,-134,182
-5.87785,-8.325,-88,186
-3.09017,-8.35,-30,196
0,-8.375,34,214
3.09017,-8.4,98,240
5.87785,-8.425,156,270
8.09017,-8.45,204,298
9.51056,-8.475,234,318
10,-8.5,244,326
9.51056,-8.525,234,320
8.09017,-8.55,202,300
5.87785,-8.575,156,274
3.09017,-8.6,96,244
0,-8.625,34,220
-3.09017,-8.65,-30,204
-5.87785,-8.675,-88,194
-8.09017,-8.7,-132,192
-9.51056,-8.725,-162,194
-10,-8.75,-172,194
-9.51056,-8.775,-162,194
-8.09017,-8.8,-132,196
-5.87785,-8.825,-86,198
-3.09017,-8.85,-30,208
0,-8.875,34,226
3.09017,-8.9,96,252
5.87785,-8.925,154,282
8.09017,-8.95,200,310
9.51056,-8.975,230,330
10,-9,240,338
9.51056,-9.025,230,332
8.09017,-9.05,200,312
5.87785,-9.075,154,286
3.09017,-9.1,96,258
0,-9.125,34,232
-3.09017,-9.15,-28,216
-5.87785,-9.175,-86,208
-8.09017,-9.2,-130,206
-9.51056,-9.225,-158,206
-10,-9.25,-168,208
-9.51056,-9.275,-158,208
-8.09017,-9.3,-130,208
-5.87785,-9.325,-84,212
-3.09017,-9.35,-28,222
0,-9.375,34,240
3.09017,-9.4,96,266
5.87785,-9.425,152,294
8.09017,-9.45,198,322
9.51056,-9.475,226,344
10,-9.5,236,350
9.51056,-9.525,226,344
8.09017,-9.55,196,326
5.87785,-9.575,152,298
3.09017,-9.6,94,270
0,-9.625,34,246
-3.09017,-9.65,-28,230
-5.87785,-9.675,-84,222
-8.09017,-9.7,-128,220
-9.51056,-9.725,-156,220
-10,-9.75,-166,222
-9.51056,-9.775,-156,222
-8.09017,-9.8,-126,222
-5.87785,-9.825,-82,226
-3.09017,-9.85,-28,234
0,-9.875,34,252
3.09017,-9.9,94,278
5.87785,-9.925,150,308
8.09017,-9.95,194,336
9.51056,-9.975,222,356
10,-10,232,364